"Baseline solution from: [0, 0, 0],Temperature: 100,Cooling Rate: 0.95,Number of iterations: 1000,Best Solution: [0, 0, 0],",2024-03-18 10:02:17
"Testing solution from: [4, -3, 9],Temperature: 100,Cooling Rate: 0.95,Number of iterations: 1000,Best Solution: [-0.055831102496956, -0.0837679811263845, -0.12200362321539804],",2024-03-18 10:02:17
"Random Solution from: [8.318227620944608, 2.199034687176873, 9.660014556410783],Temperature: 100,Cooling Rate: 0.95,Number of Iterations: 10,Best Solution: [6.4587195472664085, 1.5925087304494967, 8.110950224183378],",2024-03-18 10:02:17
"Baseline solution from: [0, 0, 0],Temperature: 100,Cooling Rate: 0.95,Number of iterations: 1000,Best Solution: [0, 0, 0],",2024-03-18 10:03:09
"Testing solution from: [4, -3, 9],Temperature: 50,Cooling Rate: 0.9,Number of iterations: 500,Best Solution: [-0.08343866458255511, 0.021427776519659103, 0.10465478047101984],",2024-03-18 10:03:09
"Random Solution from: [-3.1353471473942385, -0.5453743693005908, 4.420831212027723],Temperature: 100,Cooling Rate: 0.95,Number of Iterations: 10,Best Solution: [-2.24665720858628, 0.5987279633507003, 4.289841080901538],",2024-03-18 10:03:09
"Baseline solution from: [0, 0, 0],Temperature: 100,Cooling Rate: 0.95,Number of iterations: 1000,Best Solution: [0, 0, 0],",2024-03-18 10:06:42
"Testing solution from: [4, -3, 9],Temperature: 50,Cooling Rate: 0.9,Number of iterations: 500,Best Solution: [-0.12263320118291521, -0.049242384555689744, -0.09735402072183796],",2024-03-18 10:06:44
"Random Solution from: [-9.274085325407402, 0.6718441965906568, 1.0066388585972579],Temperature: 100,Cooling Rate: 0.95,Number of Iterations: 10,Best Solution: [-8.855874741727094, 0.29774920673236105, 1.84263609898275],",2024-03-18 10:06:44
"Baseline solution from: [0, 0, 0],Temperature: 100,Cooling Rate: 0.95,Number of iterations: 1000,Best Solution: [0, 0, 0],",2024-03-18 10:08:01
"Testing solution from: [4, -3, 9],Temperature: 50,Cooling Rate: 0.9,Number of iterations: 500,Best Solution: [0.08932016953784871, -0.1671987482693824, -0.08724937812846734],",2024-03-18 10:08:08
"Random Solution from: [-3.651876035869095, -8.380158202011476, 5.586013025913099],Temperature: 100,Cooling Rate: 0.95,Number of Iterations: 10,Best Solution: [-3.651876035869095, -8.380158202011476, 5.586013025913099],",2024-03-18 10:08:09
"Baseline solution from: [0, 0, 0],Temperature: 100,Cooling Rate: 0.95,Number of iterations: 1000,Best Solution: [0, 0, 0],",2024-03-18 10:08:54
"Testing solution from: [4, -3, 9],Temperature: 50,Cooling Rate: 0.9,Number of iterations: 500,Best Solution: [0.1265448574021839, 0.09464360137284045, -0.007095219492187388],",2024-03-18 10:08:55
"Random Solution from: [-7.652870144842825, 9.503622249996866, 4.878273725368976],Temperature: 100,Cooling Rate: 0.95,Number of Iterations: 10,Best Solution: [-4.905541638281514, 7.689517053853874, 6.8576379967691885],",2024-03-18 10:08:56
"Baseline solution from: [0, 0, 0],Temperature: 100,Cooling Rate: 0.95,Number of iterations: 1000,Best Solution: [0, 0, 0],",2024-03-18 10:09:04
"Testing solution from: [4, -3, 9],Temperature: 50,Cooling Rate: 0.9,Number of iterations: 500,Best Solution: [-0.05205698207486664, 0.02822931604739609, 0.059758624050976206],",2024-03-18 10:09:05
"Random Solution from: [0.5856351848351622, -1.6669612824192654, 3.613256885065182],Temperature: 100,Cooling Rate: 0.95,Number of Iterations: 10,Best Solution: [-0.26251859048233706, 1.2234977361526431, 2.2322588214139154],",2024-03-18 10:09:08
"Baseline solution from: [0, 0, 0],Temperature: 100,Cooling Rate: 0.95,Number of iterations: 1000,Best Solution: [0, 0, 0],",2024-03-20 10:29:05
"Testing solution from: [4, -3, 9],Temperature: 100,Cooling Rate: 0.95,Number of iterations: 1000,Best Solution: [-0.039403130722745594, 0.0679065406647521, 0.0280537837917052],",2024-03-20 10:29:17
"Testing solution from: [4, -3, 9],Temperature: 50,Cooling Rate: 0.9,Number of iterations: 500,Best Solution: [-0.019787964357379062, -0.03548593560895652, -0.10327332843530312],",2024-03-20 10:29:21
"Testing solution from: [4, -3, 9],Temperature: 50,Cooling Rate: 0.9,Number of iterations: 5000,Best Solution: [0.09123506775982326, 0.04474505309227972, 0.0380154307275411],",2024-03-20 10:29:22
"Testing solution from: [4, -3, 9],Temperature: 50,Cooling Rate: 0.9,Number of iterations: 50000,Best Solution: [-0.01225686002667059, 0.016706722759246784, 0.006829111979668623],",2024-03-20 10:29:36
"Random Solution from: [6.158746061234353, -0.2949144293901096, 8.49869605591319],Temperature: 100,Cooling Rate: 0.95,Number of Iterations: 10,Best Solution: [5.120052187562888, -1.598347607261132, 7.164048622422604],",2024-03-20 10:29:41
"Baseline solution from: [0, 0, 0],Temperature: 100,Cooling Rate: 0.95,Number of iterations: 1000,Best Solution: [0, 0, 0],",2024-03-20 10:31:12
"Testing solution from: [4, -3, 9],Temperature: 100,Cooling Rate: 0.95,Number of iterations: 1000,Best Solution: [0.04880419157187199, -0.0556267580526848, -0.001711749964506959],",2024-03-20 10:31:19
"Testing solution from: [4, -3, 9],Temperature: 50,Cooling Rate: 0.9,Number of iterations: 500,Best Solution: [-0.012460381015596766, -0.08382554931906894, 0.024352075672660067],",2024-03-20 10:31:23
"Testing solution from: [4, -3, 9],Temperature: 50,Cooling Rate: 0.9,Number of iterations: 5000,Best Solution: [0.025760187652170474, -0.02661990553108673, -0.04342584774615443],",2024-03-20 10:31:25
"Testing solution from: [4, -3, 9],Temperature: 50,Cooling Rate: 0.9,Number of iterations: 50000,Best Solution: [0.010143238630416329, 0.03645868430700916, 0.03102519228717049],",2024-03-20 10:31:26
"Random Solution from: [0.4208249191376545, -7.249461218147277, -3.2411916471197433],Temperature: 100,Cooling Rate: 0.95,Number of Iterations: 10,Best Solution: [0.5500551950175641, -5.131226144938338, -4.336926880602419],",2024-03-20 10:31:27
"Baseline solution from: [0, 0, 0],Temperature: 100,Cooling Rate: 0.95,Number of iterations: 1000,Best Solution: [0, 0, 0],",2024-03-20 10:36:54
"Testing solution from: [4, -3, 9],Temperature: 100,Cooling Rate: 0.95,Number of iterations: 1000,Best Solution: [-0.009759522732389225, -0.020548903642048977, 0.06334637943741805],",2024-03-20 10:37:13
"Testing solution from: [4, -3, 9],Temperature: 50,Cooling Rate: 0.9,Number of iterations: 500,Best Solution: [-0.01781459327803625, 0.05038480954639746, 0.040651582960501864],",2024-03-20 10:37:28
"Testing solution from: [4, -3, 9],Temperature: 50,Cooling Rate: 0.9,Number of iterations: 5000,Best Solution: [-0.0052416593827324665, -0.024286336665944264, -0.07723476395334772],",2024-03-20 10:37:28
"Testing solution from: [4, -3, 9],Temperature: 50,Cooling Rate: 0.9,Number of iterations: 50000,Best Solution: [-0.015912516310224056, -0.010720206999971227, -0.03826754155678769],",2024-03-20 10:37:29
"Random Solution from: [-9.473844979116166, -9.128625270492467, 5.9235700040554935],Temperature: 100,Cooling Rate: 0.95,Number of Iterations: 10,Best Solution: [-8.80512621191503, -8.612489226197367, 5.913549962060156],",2024-03-20 10:37:29
"Baseline solution from: [0, 0, 0],Temperature: 100,Cooling Rate: 0.95,Number of iterations: 1000,Best Solution: [0, 0, 0],",2024-03-20 10:38:24
"Testing solution from: [4, -3, 9],Temperature: 100,Cooling Rate: 0.95,Number of iterations: 1000,Best Solution: [-0.021690108348189296, -0.02121603426710794, -0.046243884320076756],",2024-03-20 10:38:26
"Testing solution from: [4, -3, 9],Temperature: 50,Cooling Rate: 0.9,Number of iterations: 500,Best Solution: [0.005811288877673126, -0.17849456184477885, 0.02773998653546217],",2024-03-20 10:38:32
"Testing solution from: [4, -3, 9],Temperature: 50,Cooling Rate: 0.9,Number of iterations: 5000,Best Solution: [-0.049478676305478864, 0.019750020241511068, -0.016275549721602278],",2024-03-20 10:38:33
"Testing solution from: [4, -3, 9],Temperature: 50,Cooling Rate: 0.9,Number of iterations: 50000,Best Solution: [-0.005149731541361557, -0.01830818982194038, 0.004517034673197529],",2024-03-20 10:38:35
"Random Solution from: [-7.557776453256437, 1.8984807720972992, -4.046442140533204],Temperature: 100,Cooling Rate: 0.95,Number of Iterations: 10,Best Solution: [-7.557776453256437, 1.8984807720972992, -4.046442140533204],",2024-03-20 10:38:37
"Baseline solution from: [0, 0, 0],Temperature: 100,Cooling Rate: 0.95,Number of iterations: 1000,Best Solution: [0, 0, 0],",2024-03-20 10:40:08
"Testing solution from: [4, -3, 9],Temperature: 100,Cooling Rate: 0.95,Number of iterations: 1000,Best Solution: [-0.0804405079303876, -0.09002962345546583, 0.0005829756689330612],",2024-03-20 10:40:10
"Testing solution from: [4, -3, 9],Temperature: 50,Cooling Rate: 0.9,Number of iterations: 500,Best Solution: [-0.016571420418767246, -0.0028747720290898116, 0.0598776694469596],",2024-03-20 10:40:13
"Testing solution from: [4, -3, 9],Temperature: 50,Cooling Rate: 0.9,Number of iterations: 5000,Best Solution: [0.01704764734642894, 0.026190379713227463, 0.014446260029752578],",2024-03-20 10:40:15
"Testing solution from: [4, -3, 9],Temperature: 50,Cooling Rate: 0.9,Number of iterations: 50000,Best Solution: [0.00039918285429796363, 0.010836446578715853, 0.013931953281425047],",2024-03-20 10:40:17
"Random Solution from: [-3.1341461817855016, -1.0546698499915763, 8.567454941348775],Temperature: 100,Cooling Rate: 0.95,Number of Iterations: 10,Best Solution: [-3.1341461817855016, -1.0546698499915763, 8.567454941348775],",2024-03-20 10:40:18
"Baseline solution from: [0, 0, 0],Temperature: 100,Cooling Rate: 0.95,Number of iterations: 1000,Best Solution: [0, 0, 0],",2024-03-20 10:41:52
"Testing solution from: [4, -3, 9],Temperature: 100,Cooling Rate: 0.95,Number of iterations: 1000,Best Solution: [0.04199064093436422, -0.0101398579148535, 0.16232144308055374],",2024-03-20 10:41:58
"Testing solution from: [4, -3, 9],Temperature: 50,Cooling Rate: 0.9,Number of iterations: 500,Best Solution: [-0.0025256472132082486, -0.09437226072644767, 0.12567558859074235],",2024-03-20 10:41:59
"Testing solution from: [4, -3, 9],Temperature: 50,Cooling Rate: 0.9,Number of iterations: 5000,Best Solution: [0.01919323723380084, 0.07370540151527893, -0.07391396752144508],",2024-03-20 10:41:59
"Testing solution from: [4, -3, 9],Temperature: 50,Cooling Rate: 0.9,Number of iterations: 50000,Best Solution: [0.029794591603560905, 0.010682748040635959, 0.035827311340155044],",2024-03-20 10:41:59
"Random Solution from: [4.9616372361134395, 1.4843388891409184, -0.8977020054128104],Temperature: 100,Cooling Rate: 0.95,Number of Iterations: 10,Best Solution: [4.419082669967329, 1.8240288882627453, -1.1473513856676345],",2024-03-20 10:42:00
"Baseline solution from: [0, 0, 0],Temperature: 100,Cooling Rate: 0.95,Number of iterations: 1000,Best Solution: [0, 0, 0],",2024-03-20 10:43:16
"Testing solution from: [4, -3, 9],Temperature: 100,Cooling Rate: 0.95,Number of iterations: 1000,Best Solution: [-0.06420193197699908, 0.05238112279066587, -0.00423273654253653],",2024-03-20 10:43:26
"Testing solution from: [4, -3, 9],Temperature: 50,Cooling Rate: 0.9,Number of iterations: 500,Best Solution: [-0.03871575803735827, 0.09973752058965224, 0.049454521532869666],",2024-03-20 10:43:27
"Testing solution from: [4, -3, 9],Temperature: 50,Cooling Rate: 0.9,Number of iterations: 5000,Best Solution: [0.06355150187796621, 0.04385205699099348, 0.04370385668822818],",2024-03-20 10:43:29
"Testing solution from: [4, -3, 9],Temperature: 50,Cooling Rate: 0.9,Number of iterations: 50000,Best Solution: [-0.031043487190023145, -0.0032524437107157578, -0.027284924326218096],",2024-03-20 10:43:31
"Random Solution from: [-5.9710281488589345, 7.73936709031522, 4.817187275534174],Temperature: 100,Cooling Rate: 0.95,Number of Iterations: 10,Best Solution: [-5.255916453934252, 7.6859098406114255, 5.270626844781141],",2024-03-20 10:43:44
"Baseline solution from: [0, 0, 0],Temperature: 100,Cooling Rate: 0.95,Number of iterations: 1000,Best Solution: [0, 0, 0],",2024-03-20 10:44:14
"Testing solution from: [4, -3, 9],Temperature: 100,Cooling Rate: 0.95,Number of iterations: 1000,Best Solution: [0.06966049179851441, -0.05665725944529698, -0.0939374302212892],",2024-03-20 10:44:15
"Testing solution from: [4, -3, 9],Temperature: 50,Cooling Rate: 0.9,Number of iterations: 500,Best Solution: [-0.08098872072007612, 0.0824776248969823, -0.04366900388185768],",2024-03-20 10:44:15
"Testing solution from: [4, -3, 9],Temperature: 50,Cooling Rate: 0.9,Number of iterations: 5000,Best Solution: [0.07126496174001007, 0.07443711191977198, 0.018508038537060623],",2024-03-20 10:44:16
"Testing solution from: [4, -3, 9],Temperature: 50,Cooling Rate: 0.9,Number of iterations: 50000,Best Solution: [-0.016258633084983876, -0.006989773923900211, 0.01805293049272705],",2024-03-20 10:44:18
"Random Solution from: [5.629, -5.081, 8.24],Temperature: 100,Cooling Rate: 0.95,Number of Iterations: 10,Best Solution: [6.229536716486854, -4.321277331080669, 7.885047669295603],",2024-03-20 10:44:27
"Random Solution from: [1.514, -9.229, 8.399],Temperature: 100,Cooling Rate: 0.95,Number of Iterations: 10,Best Solution: [0.969585257413744, -7.838645325136749, 7.432108502247437],",2024-03-20 10:45:52
"Random Solution from: [-9.554, -2.311, -5.258],Temperature: 100,Cooling Rate: 0.95,Number of Iterations: 100,Best Solution: [-0.95835133524192, -0.2232446998876263, -0.3450058364850661],",2024-03-20 10:45:53
"Random Solution from: [-6.079, 4.945, -1.383],Temperature: 100,Cooling Rate: 0.95,Number of Iterations: 1000,Best Solution: [0.09718139381117208, -0.09676958702475735, 0.043642954138710444],",2024-03-20 10:45:54
"Random Solution from: [-6.671, 0.531, -8.332],Temperature: 100,Cooling Rate: 0.95,Number of Iterations: 10,Best Solution: [-5.575687591602691, 2.567548744514079, -7.3390235262356125],",2024-03-20 10:46:03
"Random Solution from: [1.816, 7.349, 0.062],Temperature: 100,Cooling Rate: 0.95,Number of Iterations: 100,Best Solution: [0.10294217921382898, -0.11759080817324397, 0.4389874051979077],",2024-03-20 10:46:04
"Random Solution from: [-3.9, -6.118, -2.519],Temperature: 100,Cooling Rate: 0.95,Number of Iterations: 1000,Best Solution: [0.062157814188939176, -0.010963985348296346, 0.004088359457782298],",2024-03-20 10:46:06
"Random Solution from: [436725.384, -67603.542, 179771.144],Temperature: 100,Cooling Rate: 0.95,Number of Iterations: 10,Best Solution: [436722.77515740215, -67602.53679441981, 179770.17798082496],",2024-03-20 10:47:13
"Random Solution from: [-254915.122, 45822.316, 913870.691],Temperature: 100,Cooling Rate: 0.95,Number of Iterations: 100,Best Solution: [-254912.68126082257, 45818.52784557007, 913843.1261976345],",2024-03-20 10:47:15
"Random Solution from: [552517.789, -91717.127, -837133.989],Temperature: 100,Cooling Rate: 0.95,Number of Iterations: 1000,Best Solution: [552413.9000646506, -91701.78203284965, -836915.6452195208],",2024-03-20 10:47:17
"Random Solution from: [-929576.956, 431526.624, -942686.228],Temperature: 100,Cooling Rate: 0.95,Number of Iterations: 10000,Best Solution: [-928029.7178229798, 430765.0638576257, -941138.5216063574],",2024-03-20 10:47:19
"Random Solution from: [-75410.535, 33539.598, 36598.587],Temperature: 100,Cooling Rate: 0.95,Number of Iterations: 10,Best Solution: [-75406.08045951756, 33541.67795121588, 36598.833881298524],",2024-03-20 10:47:38
"Random Solution from: [67117.888, 97491.004, -25561.386],Temperature: 100,Cooling Rate: 0.95,Number of Iterations: 100,Best Solution: [67106.14599663693, 97466.89037651694, -25559.209893905536],",2024-03-20 10:47:40
"Random Solution from: [86924.358, -66697.088, -16315.946],Temperature: 100,Cooling Rate: 0.95,Number of Iterations: 1000,Best Solution: [86727.04268057477, -66569.47576167471, -16279.461032593521],",2024-03-20 10:47:41
"Random Solution from: [94519.984, 16622.292, 50078.222],Temperature: 100,Cooling Rate: 0.95,Number of Iterations: 10000,Best Solution: [92291.59844873562, 16301.644434846408, 49166.67078962525],",2024-03-20 10:47:42
"Random Solution from: [41038.378, -31889.328, -72991.068],Temperature: 100,Cooling Rate: 0.95,Number of Iterations: 100000,Best Solution: [31588.613717829365, -24352.57889520265, -52386.88954522847],",2024-03-20 10:47:44
"Random Solution from: [1624.055, -7305.871, 5655.207],Temperature: 100,Cooling Rate: 0.95,Number of Iterations: 10,Best Solution: [1623.839678130457, -7304.388917058481, 5654.247531529925],",2024-03-20 10:48:01
"Random Solution from: [-6421.113, 3265.434, 8622.89],Temperature: 100,Cooling Rate: 0.95,Number of Iterations: 100,Best Solution: [-6412.1534644473195, 3258.05137931441, 8602.182584688986],",2024-03-20 10:48:02
"Random Solution from: [1875.151, 5434.528, -7976.84],Temperature: 100,Cooling Rate: 0.95,Number of Iterations: 1000,Best Solution: [1856.2268989469485, 5333.993778186517, -7770.640578951028],",2024-03-20 10:48:03
"Random Solution from: [3069.626, 3176.105, 9105.146],Temperature: 100,Cooling Rate: 0.95,Number of Iterations: 10000,Best Solution: [2458.430239437567, 2573.68030232264, 6819.447432687693],",2024-03-20 10:48:03
"Random Solution from: [-7717.283, -9149.252, 537.578],Temperature: 100,Cooling Rate: 0.95,Number of Iterations: 100000,Best Solution: [0.0020410814922886544, 0.0018210517039964902, 0.011096509232929819],",2024-03-20 10:48:13
"Random Solution from: [6820.305, -2585.388, 5486.622],Temperature: 100,Cooling Rate: 0.95,Number of Iterations: 10,Best Solution: [6817.728011384527, -2583.50236566113, 5486.767689316613],",2024-03-20 10:50:24
"Random Solution from: [1841.089, -1820.614, -7075.254],Temperature: 100,Cooling Rate: 0.95,Number of Iterations: 100,Best Solution: [1832.735541925558, -1816.4375907959852, -7045.866913306843],",2024-03-20 10:50:25
"Random Solution from: [-2658.344, 9722.199, 4530.858],Temperature: 100,Cooling Rate: 0.95,Number of Iterations: 1000,Best Solution: [-2613.1180700779046, 9499.18552018311, 4441.059076347218],",2024-03-20 10:50:26
"Random Solution from: [-5382.685, 4815.676, -2910.935],Temperature: 100,Cooling Rate: 0.95,Number of Iterations: 10000,Best Solution: [-3710.784280982795, 3373.4212543221083, -2045.8842319974758],",2024-03-20 10:50:27
"Random Solution from: [-4350.317, 2649.889, -9962.973],Temperature: 100,Cooling Rate: 0.95,Number of Iterations: 100000,Best Solution: [0.02253315224801833, 0.029814769893690585, 0.001307907412496423],",2024-03-20 10:50:28
"Random Solution from: [-906.532, 3728.26, -2819.787],Temperature: 100,Cooling Rate: 0.95,Number of Iterations: 10,Best Solution: [-906.1015480031547, 3725.907827163888, -2818.3581239676314],",2024-03-20 10:50:54
"Random Solution from: [9943.857, 2038.515, 7932.604],Temperature: 100,Cooling Rate: 0.95,Number of Iterations: 100,Best Solution: [9923.768287673267, 2034.842083656054, 7918.658215473169],",2024-03-20 10:50:56
"Random Solution from: [6955.542, 2640.66, 2530.936],Temperature: 100,Cooling Rate: 0.95,Number of Iterations: 1000,Best Solution: [6737.239489579541, 2605.000306398509, 2460.236931547387],",2024-03-20 10:50:57
"Random Solution from: [-1350.159, 1012.172, 4109.314],Temperature: 100,Cooling Rate: 0.95,Number of Iterations: 10000,Best Solution: [-710.6821208442138, 547.9413671455424, 1722.127438630494],",2024-03-20 10:50:57
"Random Solution from: [5433.137, 7983.075, -9578.885],Temperature: 100,Cooling Rate: 0.95,Number of Iterations: 100000,Best Solution: [0.024613269129802662, 0.023054222883698294, 0.0004162804324687741],",2024-03-20 10:50:58
"Baseline solution from: [0, 0, 0],Temperature: 100,Cooling Rate: 0.95,Number of iterations: 1000,Best Solution: [0, 0, 0],",2024-03-20 10:54:23
"Baseline solution from: [0, 0, 0],Temperature: 100,Cooling Rate: 0.95,Number of iterations: 1000,Best Solution: [0, 0, 0],",2024-03-20 10:54:43
"Testing solution from: [4, -3, 9],Temperature: 100,Cooling Rate: 0.9,Number of iterations: 10,Best Solution: [3.539435828861871, -1.6170117178813739, 9.060234205445571],",2024-03-20 10:54:48
"Testing solution from: [4, -3, 9],Temperature: 100,Cooling Rate: 0.9,Number of iterations: 100,Best Solution: [0.3574451771054379, 0.1117926587032485, 0.15571530524220667],",2024-03-20 10:54:50
"Testing solution from: [4, -3, 9],Temperature: 100,Cooling Rate: 0.9,Number of iterations: 1000,Best Solution: [0.11763137323864625, 0.02342418923916867, -0.042858785906681796],",2024-03-20 10:54:51
"Testing solution from: [4, -3, 9],Temperature: 100,Cooling Rate: 0.9,Number of iterations: 10000,Best Solution: [0.05178029901497472, -0.005150446634770045, -0.011089989753275908],",2024-03-20 10:54:51
"Testing solution from: [4, -3, 9],Temperature: 100,Cooling Rate: 0.9,Number of iterations: 100000,Best Solution: [-0.021684261404643745, 0.01172542085126338, 0.0003402813767574564],",2024-03-20 10:54:52
"Random Solution from: [-2908.668, 9942.638, 2865.029],Temperature: 100,Cooling Rate: 0.95,Number of Iterations: 10,Best Solution: [-2907.9669780441914, 9941.831282165236, 2863.125995886057],",2024-03-20 10:54:52
"Random Solution from: [-6997.264, 9087.519, 1805.954],Temperature: 100,Cooling Rate: 0.95,Number of Iterations: 100,Best Solution: [-6982.07200212891, 9067.398307580854, 1796.5148930917906],",2024-03-20 10:54:53
"Random Solution from: [5189.805, 9966.206, -7778.013],Temperature: 100,Cooling Rate: 0.95,Number of Iterations: 1000,Best Solution: [5106.966757258764, 9790.348952669296, -7630.163664404628],",2024-03-20 10:54:53
"Random Solution from: [-1567.972, 184.691, 6136.431],Temperature: 100,Cooling Rate: 0.95,Number of Iterations: 10000,Best Solution: [-1058.9299394196773, 158.92852729022263, 3686.185647237635],",2024-03-20 10:54:57
"Random Solution from: [3446.955, -1600.792, -3110.453],Temperature: 100,Cooling Rate: 0.95,Number of Iterations: 100000,Best Solution: [-0.0008784548352938071, 0.014861027059309029, 0.02151371138149738],",2024-03-20 10:54:58
"Baseline solution from: [0, 0, 0],Temperature: 100,Cooling Rate: 0.95,Number of iterations: 1000,Best Solution: [0, 0, 0],",2024-03-20 10:55:30
"Baseline solution from: [0, 0, 0],Temperature: 100,Cooling Rate: 0.95,Number of iterations: 1000,Best Solution: [0, 0, 0],",2024-03-20 10:56:25
"Testing solution from: [4, -3, 9],Temperature: 100,Cooling Rate: 0.9,Number of iterations: 10,Best Solution: [3.4583074350790066, -0.7164945089074004, 8.706181182839638],",2024-03-20 10:56:27
"Testing solution from: [4, -3, 9],Temperature: 100,Cooling Rate: 0.9,Number of iterations: 100,Best Solution: [-0.24341174871595972, 0.2766630192862549, -0.016350282044400144],",2024-03-20 10:56:31
"Testing solution from: [4, -3, 9],Temperature: 100,Cooling Rate: 0.9,Number of iterations: 1000,Best Solution: [-0.017978153164015964, -0.059357117364507106, 0.02070862334077761],",2024-03-20 10:56:32
"Testing solution from: [4, -3, 9],Temperature: 100,Cooling Rate: 0.9,Number of iterations: 10000,Best Solution: [0.045569238923425015, 0.019239852560815285, -0.016077380873073643],",2024-03-20 10:56:33
"Testing solution from: [4, -3, 9],Temperature: 100,Cooling Rate: 0.9,Number of iterations: 100000,Best Solution: [-0.007724701529573386, -0.03786861496902816, -0.014440852577678687],",2024-03-20 10:56:34
"Random Solution from: [-1532.972, 4465.566, -4431.439],Temperature: 100,Cooling Rate: 0.95,Number of Iterations: 10,Best Solution: [-1533.2332284852912, 4461.252545726868, -4430.613064843288],",2024-03-20 10:56:35
"Random Solution from: [-7470.228, 6485.984, -414.437],Temperature: 100,Cooling Rate: 0.95,Number of Iterations: 100,Best Solution: [-7450.529269308992, 6472.658070650453, -413.0575009861114],",2024-03-20 10:56:36
"Random Solution from: [-6879.031, -3958.183, 5876.395],Temperature: 100,Cooling Rate: 0.95,Number of Iterations: 1000,Best Solution: [-6695.525145841872, -3868.2458861470914, 5759.588769846649],",2024-03-20 10:56:37
"Random Solution from: [2734.189, 2890.852, 1481.333],Temperature: 100,Cooling Rate: 0.95,Number of Iterations: 10000,Best Solution: [1230.560045004115, 1313.6215213981552, 691.0158609733238],",2024-03-20 10:56:38
"Random Solution from: [-3668.893, 4407.114, -2765.255],Temperature: 100,Cooling Rate: 0.95,Number of Iterations: 100000,Best Solution: [-0.00027758668345856385, 0.015807299447423206, -0.0054342041566437516],",2024-03-20 10:56:40
"Baseline solution from: [0, 0, 0],Temperature: 100,Cooling Rate: 0.95,Number of iterations: 1000,Best Solution: [0, 0, 0],",2024-03-20 10:56:55
"Testing solution from: [4, -3, 9],Temperature: 100,Cooling Rate: 0.9,Number of iterations: 10,Best Solution: [1.8511280584816776, -4.0252460727996775, 6.324289408173759],",2024-03-20 10:56:56
"Testing solution from: [4, -3, 9],Temperature: 100,Cooling Rate: 0.9,Number of iterations: 100,Best Solution: [0.017854772141496555, -0.03405421745254822, 0.07374784246971444],",2024-03-20 10:56:57
"Testing solution from: [4, -3, 9],Temperature: 100,Cooling Rate: 0.9,Number of iterations: 1000,Best Solution: [0.002945214538840446, 0.15545471882558393, -0.14776543269713494],",2024-03-20 10:56:58
"Testing solution from: [4, -3, 9],Temperature: 100,Cooling Rate: 0.9,Number of iterations: 10000,Best Solution: [0.05719863336194231, -0.03067324712650743, -0.01554914885985026],",2024-03-20 10:56:58
"Testing solution from: [4, -3, 9],Temperature: 100,Cooling Rate: 0.9,Number of iterations: 100000,Best Solution: [0.012838894907826415, 0.013636456426464827, 0.011454798233700103],",2024-03-20 10:57:02
"Random Solution from: [-1171.749, 8447.707, 9148.378],Temperature: 100,Cooling Rate: 0.95,Number of Iterations: 10,Best Solution: [-1170.5868323036398, 8446.927552618741, 9146.676795167954],",2024-03-20 10:57:02
"Random Solution from: [-300.354, 5744.132, 8675.47],Temperature: 100,Cooling Rate: 0.95,Number of Iterations: 100,Best Solution: [-298.017839391709, 5732.558537164429, 8656.28194668679],",2024-03-20 10:57:03
"Random Solution from: [1790.883, -7404.798, -6024.486],Temperature: 100,Cooling Rate: 0.95,Number of Iterations: 1000,Best Solution: [1751.7128549692006, -7225.950038724612, -5902.6966756658285],",2024-03-20 10:57:04
"Random Solution from: [8188.252, 1227.041, -6769.832],Temperature: 100,Cooling Rate: 0.95,Number of Iterations: 10000,Best Solution: [6271.699797195584, 971.4260920610596, -5380.083590897591],",2024-03-20 10:57:05
"Random Solution from: [-8636.72, 1790.976, 9349.279],Temperature: 100,Cooling Rate: 0.95,Number of Iterations: 100000,Best Solution: [-0.0007106368702127774, 0.01041777748223982, 0.00934582949899121],",2024-03-20 10:57:07
"Baseline solution from: [0, 0, 0],Temperature: 100,Cooling Rate: 0.95,Number of iterations: 1000,Best Solution: [0, 0, 0],",2024-03-20 10:58:08
"Testing solution from: [4, -3, 9],Temperature: 100,Cooling Rate: 0.9,Number of iterations: 10,Best Solution: [3.0645232369596713, -1.384039596237315, 8.26468406986914],",2024-03-20 10:58:08
"Testing solution from: [4, -3, 9],Temperature: 100,Cooling Rate: 0.9,Number of iterations: 100,Best Solution: [-0.1412327361887149, -0.10556482343906337, -0.24126329921812073],",2024-03-20 10:58:09
"Testing solution from: [4, -3, 9],Temperature: 100,Cooling Rate: 0.9,Number of iterations: 1000,Best Solution: [-0.14094888140816986, 0.11955576443292726, -0.04900530539667991],",2024-03-20 10:58:09
"Testing solution from: [4, -3, 9],Temperature: 100,Cooling Rate: 0.9,Number of iterations: 10000,Best Solution: [0.019685375085197965, 0.05127863657027243, -0.011019770634094206],",2024-03-20 10:58:09
"Testing solution from: [4, -3, 9],Temperature: 100,Cooling Rate: 0.9,Number of iterations: 100000,Best Solution: [-0.014287079349472931, 0.0017731214774903137, -0.0090847197352526],",2024-03-20 10:58:11
"Random Solution from: [2728.065, 2896.048, 6842.756],Temperature: 100,Cooling Rate: 0.95,Number of Iterations: 10,Best Solution: [2727.891083124269, 2894.4329355632403, 6841.46852048548],",2024-03-20 10:58:12
"Random Solution from: [-4588.942, 9948.869, 1790.563],Temperature: 100,Cooling Rate: 0.95,Number of Iterations: 100,Best Solution: [-4581.525623108235, 9924.349847821135, 1785.4626921632316],",2024-03-20 10:58:12
"Random Solution from: [-7563.431, -9942.258, 2181.165],Temperature: 100,Cooling Rate: 0.95,Number of Iterations: 1000,Best Solution: [-7435.851606063045, -9751.933439368237, 2136.9797186411906],",2024-03-20 10:58:13
"Random Solution from: [-17.254, -4066.038, 6582.525],Temperature: 100,Cooling Rate: 0.95,Number of Iterations: 10000,Best Solution: [-22.949005626389983, -2987.2590663590495, 4443.721964341839],",2024-03-20 10:58:13
"Random Solution from: [-4753.028, 887.355, -1175.449],Temperature: 100,Cooling Rate: 0.95,Number of Iterations: 100000,Best Solution: [-0.004730393438414637, -0.021219594824524846, -0.02149824920300092],",2024-03-20 10:58:14
"Baseline solution from: [0, 0, 0],Temperature: 100,Cooling Rate: 0.95,Number of iterations: 1000,Best Solution: [0, 0, 0],",2024-03-20 10:59:58
"Testing solution from: [4, -3, 9],Temperature: 100,Cooling Rate: 0.9,Number of iterations: 10,Best Solution: [4.617473959766944, -1.02855152323198, 8.986385504914228],",2024-03-20 10:59:58
"Testing solution from: [4, -3, 9],Temperature: 100,Cooling Rate: 0.9,Number of iterations: 100,Best Solution: [0.24445824812972083, 0.38307670791700654, -0.14045399774296863],",2024-03-20 10:59:58
"Testing solution from: [4, -3, 9],Temperature: 100,Cooling Rate: 0.9,Number of iterations: 1000,Best Solution: [-0.07924286980604855, -0.007537423689395473, -0.03977342723441968],",2024-03-20 10:59:58
"Testing solution from: [4, -3, 9],Temperature: 100,Cooling Rate: 0.9,Number of iterations: 10000,Best Solution: [0.03694818739971528, -0.030390962706738467, -0.029821366826548124],",2024-03-20 10:59:59
"Testing solution from: [4, -3, 9],Temperature: 100,Cooling Rate: 0.9,Number of iterations: 100000,Best Solution: [-0.008166613170498493, -0.01012321547139483, -0.010749537655887043],",2024-03-20 10:59:59
"Random Solution from: [-6021.866, 2584.851, -5363.84],Temperature: 100,Cooling Rate: 0.95,Number of Iterations: 10,Best Solution: [-6020.274808107279, 2585.952103101309, -5361.451376670241],",2024-03-20 10:59:59
"Random Solution from: [-4977.237, -2150.458, -3164.21],Temperature: 100,Cooling Rate: 0.95,Number of Iterations: 100,Best Solution: [-4956.189383068426, -2141.7764685602556, -3155.40967481452],",2024-03-20 11:00:00
"Random Solution from: [-8174.527, 4297.375, -4816.709],Temperature: 100,Cooling Rate: 0.95,Number of Iterations: 1000,Best Solution: [-7980.0283101073255, 4214.472714561623, -4718.997261775128],",2024-03-20 11:00:00
"Random Solution from: [-3433.93, -9805.029, 3628.375],Temperature: 100,Cooling Rate: 0.95,Number of Iterations: 10000,Best Solution: [-2852.804681373451, -7512.016214626991, 2988.2483192903187],",2024-03-20 11:00:01
"Random Solution from: [5000.426, -4871.54, -502.14],Temperature: 100,Cooling Rate: 0.95,Number of Iterations: 100000,Best Solution: [0.006679998125515674, 0.012781398306960456, -0.028731161964062668],",2024-03-20 11:00:01
"Baseline solution from: [0, 0, 0],Temperature: 100,Cooling Rate: 0.95,Number of iterations: 1000,Best Solution: [0, 0, 0],",2024-03-20 11:01:49
"Testing solution from: [4, -3, 9],Temperature: 100,Cooling Rate: 0.9,Number of iterations: 10,Best Solution: [2.437136275628223, -1.0681636072761604, 5.121050452545699],",2024-03-20 11:01:54
"Testing solution from: [4, -3, 9],Temperature: 100,Cooling Rate: 0.9,Number of iterations: 100,Best Solution: [0.657930085670124, -0.3228815588245675, -0.05822951745495497],",2024-03-20 11:01:56
"Testing solution from: [4, -3, 9],Temperature: 100,Cooling Rate: 0.9,Number of iterations: 1000,Best Solution: [0.0644130318791285, 0.021232057847876185, 0.035487043293263465],",2024-03-20 11:01:58
"Testing solution from: [4, -3, 9],Temperature: 100,Cooling Rate: 0.9,Number of iterations: 10000,Best Solution: [0.003412937942730343, 0.01934340470141427, 0.01721897404012651],",2024-03-20 11:02:00
"Testing solution from: [4, -3, 9],Temperature: 100,Cooling Rate: 0.9,Number of iterations: 100000,Best Solution: [0.01808497440945822, -0.009993230917437979, 0.004445299163477134],",2024-03-20 11:02:02
"Random Solution from: [5721.382, 6321.518, -2272.779],Temperature: 100,Cooling Rate: 0.95,Number of Iterations: 10,Best Solution: [5719.870587536543, 6319.4190827885495, -2270.830491498665],",2024-03-20 11:02:04
"Random Solution from: [-6122.628, -5949.299, 4698.705],Temperature: 100,Cooling Rate: 0.95,Number of Iterations: 100,Best Solution: [-6109.62038926152, -5936.707113854205, 4687.986076644127],",2024-03-20 11:02:05
"Random Solution from: [-660.49, 2023.132, 4827.51],Temperature: 100,Cooling Rate: 0.95,Number of Iterations: 1000,Best Solution: [-619.0977037387703, 1969.0253006142655, 4595.031918179736],",2024-03-20 11:02:07
"Random Solution from: [6142.636, -9928.762, 4723.849],Temperature: 100,Cooling Rate: 0.95,Number of Iterations: 10000,Best Solution: [4982.611224725032, -7999.233775931223, 3968.256989596389],",2024-03-20 11:02:08
"Random Solution from: [6238.735, -2710.221, 1357.867],Temperature: 100,Cooling Rate: 0.95,Number of Iterations: 100000,Best Solution: [-0.007415519180504093, -0.00906274436268184, 0.0006852443754223891],",2024-03-20 11:02:10
"Baseline solution from: [0, 0, 0],Temperature: 100,Cooling Rate: 0.95,Number of iterations: 1000,Best Solution: [0, 0, 0],",2024-03-20 11:03:30
"Testing solution from: [4, -3, 9],Temperature: 100,Cooling Rate: 0.9,Number of iterations: 10,Best Solution: [3.219430570391352, -2.8317141481542474, 6.2230440885145315],",2024-03-20 11:03:32
"Testing solution from: [4, -3, 9],Temperature: 100,Cooling Rate: 0.9,Number of iterations: 100,Best Solution: [0.10067945965277914, -0.31109615715102423, 0.2197210014502171],",2024-03-20 11:03:33
"Testing solution from: [4, -3, 9],Temperature: 100,Cooling Rate: 0.9,Number of iterations: 1000,Best Solution: [-0.07655785715221652, -0.10029316324954207, 0.034639151072651586],",2024-03-20 11:03:33
"Testing solution from: [4, -3, 9],Temperature: 100,Cooling Rate: 0.9,Number of iterations: 10000,Best Solution: [0.0440560742174696, -0.03298382732662297, -0.03211648092969366],",2024-03-20 11:03:34
"Testing solution from: [4, -3, 9],Temperature: 100,Cooling Rate: 0.9,Number of iterations: 100000,Best Solution: [-0.009484210207089339, -0.00833583882118849, -0.007129795025222929],",2024-03-20 11:03:35
"Random Solution from: [-921.705, -0.742, 5423.048],Temperature: 100,Cooling Rate: 0.95,Number of Iterations: 10,Best Solution: [-921.7936207374805, -1.3353652060995658, 5420.39495799626],",2024-03-20 11:03:36
"Random Solution from: [9467.857, -2139.636, -6937.633],Temperature: 100,Cooling Rate: 0.95,Number of Iterations: 100,Best Solution: [9442.720882659343, -2128.893443242687, -6926.393793679496],",2024-03-20 11:03:37
"Random Solution from: [3377.123, -8271.522, -4361.471],Temperature: 100,Cooling Rate: 0.95,Number of Iterations: 1000,Best Solution: [3291.9442960180327, -8068.650869385044, -4269.602210907516],",2024-03-20 11:03:39
"Random Solution from: [3153.139, 1726.841, -5850.368],Temperature: 100,Cooling Rate: 0.95,Number of Iterations: 10000,Best Solution: [2244.0778061924225, 1259.3784366073432, -3678.3420026271874],",2024-03-20 11:03:40
"Random Solution from: [7460.149, -1612.768, -7340.862],Temperature: 100,Cooling Rate: 0.95,Number of Iterations: 100000,Best Solution: [0.0241830262136693, 0.012906107894994356, -0.032521547023174335],",2024-03-20 11:03:41
"Random Solution from: [-6410.715, -6902.738, -5794.649],Temperature: 100,Cooling Rate: 0.95,Number of Iterations: 10,Best Solution: [-6409.192952398274, -6902.708711808448, -5793.235524531665],",2024-03-20 11:04:10
"Random Solution from: [1704.198, -7142.924, 8765.441],Temperature: 100,Cooling Rate: 0.95,Number of Iterations: 100,Best Solution: [1702.6230231149684, -7133.325123228087, 8745.798079294542],",2024-03-20 11:04:11
"Random Solution from: [-7442.84, -4043.79, 506.195],Temperature: 100,Cooling Rate: 0.95,Number of Iterations: 1000,Best Solution: [-7235.1902528939645, -3947.2749994538112, 481.3575605020539],",2024-03-20 11:04:12
"Random Solution from: [1772.744, -4743.443, 5917.605],Temperature: 100,Cooling Rate: 0.95,Number of Iterations: 10000,Best Solution: [1302.4214889947264, -3367.170245293712, 4045.4091207176857],",2024-03-20 11:04:13
"Random Solution from: [8058.152, -4968.998, 119.958],Temperature: 100,Cooling Rate: 0.95,Number of Iterations: 100000,Best Solution: [-0.0015415787631047895, 0.03643320342251988, 0.004368314123861072],",2024-03-20 11:04:19
"Random Solution from: [-699.499, -2108.499, -8269.532],Temperature: 100,Cooling Rate: 0.95,Number of Iterations: 10,Best Solution: [-698.7514403689202, -2107.12731432845, -8267.183376981773],",2024-03-20 11:09:38
"Random Solution from: [-6409.594, -956.549, -4412.802],Temperature: 100,Cooling Rate: 0.95,Number of Iterations: 100,Best Solution: [-6394.464732167002, -961.5650319797842, -4391.214911048086],",2024-03-20 11:09:39
"Random Solution from: [508.815, 4836.174, -8585.733],Temperature: 100,Cooling Rate: 0.95,Number of Iterations: 1000,Best Solution: [482.8516085206842, 4737.571025048889, -8356.503963009383],",2024-03-20 11:09:40
"Random Solution from: [-1918.856, -4397.646, -4799.012],Temperature: 100,Cooling Rate: 0.95,Number of Iterations: 10000,Best Solution: [-1286.0074440427222, -2909.344681651545, -3103.7087746616785],",2024-03-20 11:09:43
"Random Solution from: [2488.587, 2840.615, 5451.155],Temperature: 100,Cooling Rate: 0.95,Number of Iterations: 100000,Best Solution: [-0.0029250748077933597, 0.011665762515053135, -0.021233374978207875],",2024-03-20 11:09:48
"Random Solution from: [92.173, 8.677, -58.398],Temperature: 100,Cooling Rate: 0.95,Number of Iterations: 10,Best Solution: [90.21709010101146, 9.01949786561377, -56.77594001076623],",2024-03-20 11:10:24
"Random Solution from: [66.989, 52.448, -53.624],Temperature: 100,Cooling Rate: 0.95,Number of Iterations: 100,Best Solution: [52.6543810281039, 39.10232904399451, -43.55460480680705],",2024-03-20 11:10:24
"Random Solution from: [87.778, -61.413, -29.986],Temperature: 100,Cooling Rate: 0.95,Number of Iterations: 1000,Best Solution: [-0.017888375360597397, -0.011582007398126981, 0.07340269964020218],",2024-03-20 11:10:25
"Random Solution from: [11.333, -14.661, 64.075],Temperature: 100,Cooling Rate: 0.95,Number of Iterations: 10000,Best Solution: [0.030098153589977805, -0.02262343083327134, -0.015000899834718417],",2024-03-20 11:10:27
"Random Solution from: [-82.77, 75.855, 11.993],Temperature: 100,Cooling Rate: 0.95,Number of Iterations: 100000,Best Solution: [0.008682565963204825, 0.0325601172122294, 0.01942612643765118],",2024-03-20 11:10:29
"Random Solution from: [-5891.123, -9689.248, -5584.16],Temperature: 100,Cooling Rate: 0.95,Number of Iterations: 10,Best Solution: [-5886.453650825632, -9686.377587782603, -5582.575985967264],",2024-03-20 11:10:38
"Random Solution from: [7240.313, 8145.681, -8.656],Temperature: 100,Cooling Rate: 0.95,Number of Iterations: 100,Best Solution: [7227.1703582556165, 8122.5008022178245, -5.008235788929166],",2024-03-20 11:10:39
"Random Solution from: [582.995, -247.675, 8554.162],Temperature: 100,Cooling Rate: 0.95,Number of Iterations: 1000,Best Solution: [571.8423044019694, -228.06280599140317, 8297.849519301051],",2024-03-20 11:10:40
"Random Solution from: [5004.556, 4972.699, 5945.289],Temperature: 100,Cooling Rate: 0.95,Number of Iterations: 10000,Best Solution: [3656.835424701899, 3748.0191797590082, 4394.264698399281],",2024-03-20 11:10:40
"Random Solution from: [6090.965, -2726.889, 1511.85],Temperature: 100,Cooling Rate: 0.95,Number of Iterations: 100000,Best Solution: [0.015687429255990537, 0.018141511834703472, -0.00965451008713103],",2024-03-20 11:10:42
"Random Solution from: [-1743.074, 78.894, -989.484],Initial Temperature: 100,Cooling Rate: 0.95,Number of Iterations: 10,Best Solution: [-1739.6966591392168, 80.3561812553484, -990.029886699391],",2024-03-20 11:11:54
"Random Solution from: [-5871.523, 9815.607, 4124.271],Initial Temperature: 100,Cooling Rate: 0.95,Number of Iterations: 100,Best Solution: [-5856.437304254875, 9791.174148545004, 4116.6820269769005],",2024-03-20 11:11:55
"Random Solution from: [-2042.72, 9614.249, -2031.232],Initial Temperature: 100,Cooling Rate: 0.95,Number of Iterations: 1000,Best Solution: [-1979.4716394283853, 9391.164785589559, -1990.8931488741355],",2024-03-20 11:11:56
"Random Solution from: [521.54, 7244.475, -7903.459],Initial Temperature: 100,Cooling Rate: 0.95,Number of Iterations: 10000,Best Solution: [434.7945100019734, 5788.097922437504, -6118.170692032479],",2024-03-20 11:11:57
"Random Solution from: [3376.974, 991.139, -319.375],Initial Temperature: 100,Cooling Rate: 0.95,Number of Iterations: 100000,Best Solution: [0.0066910793609065156, -0.012390539871738326, 0.010527187148806183],",2024-03-20 11:11:57
"Random Solution from: [-2639.086, 7599.789, 1022.401],Initial Temperature: 100,Cooling Rate: 0.5,Number of Iterations: 10,Best Solution: [-2637.689604786383, 7596.374527453966, 1022.8920973317216],",2024-03-20 11:14:41
"Random Solution from: [-4011.896, 6676.877, 8767.388],Initial Temperature: 100,Cooling Rate: 0.5,Number of Iterations: 100,Best Solution: [-4007.6594207023554, 6669.571080017018, 8745.820231734664],",2024-03-20 11:14:44
"Random Solution from: [8910.534, -9493.043, -2102.627],Initial Temperature: 100,Cooling Rate: 0.5,Number of Iterations: 1000,Best Solution: [8757.62225793092, -9326.102748749692, -2082.4948840897023],",2024-03-20 11:14:45
"Random Solution from: [6837.991, 1795.337, 9961.98],Initial Temperature: 100,Cooling Rate: 0.5,Number of Iterations: 10,Best Solution: [6834.300640712627, 1794.110325345064, 9960.782177967429],",2024-03-20 11:14:49
"Random Solution from: [-7099.05, -7627.083, 7648.504],Initial Temperature: 100,Cooling Rate: 0.5,Number of Iterations: 100,Best Solution: [-7081.658336709711, -7616.445949229992, 7637.7514702247245],",2024-03-20 11:14:49
"Random Solution from: [3347.291, -3838.992, 1833.067],Initial Temperature: 100,Cooling Rate: 0.5,Number of Iterations: 1000,Best Solution: [3207.280082790415, -3667.0667649671354, 1751.520872331739],",2024-03-20 11:14:50
"Random Solution from: [7601.298, 6075.736, -945.47],Initial Temperature: 100,Cooling Rate: 0.5,Number of Iterations: 10,Best Solution: [7596.7211230335815, 6076.71925418564, -944.8386065086125],",2024-03-20 11:15:37
"Random Solution from: [9721.146, -7009.497, -8129.589],Initial Temperature: 100,Cooling Rate: 0.5,Number of Iterations: 100,Best Solution: [9714.608531428705, -6990.652107816198, -8115.646559321142],",2024-03-20 11:15:37
"Random Solution from: [-3643.513, -252.025, 1008.708],Initial Temperature: 100,Cooling Rate: 0.5,Number of Iterations: 1000,Best Solution: [-3417.4351837341246, -242.90872518124092, 952.727040863559],",2024-03-20 11:15:39
"Random Solution from: [-652.74, -2735.137, 5660.181],Initial Temperature: 100,Cooling Rate: 0.5,Number of Iterations: 10000,Best Solution: [-462.1804179208283, -1857.0350806676222, 3316.3932948420024],",2024-03-20 11:15:40
"Random Solution from: [6646.73, -7397.409, 7499.999],Initial Temperature: 100,Cooling Rate: 0.5,Number of Iterations: 100000,Best Solution: [0.03651780275750882, 0.0004193608621534395, -0.01593842708505777],",2024-03-20 11:15:57
